sentence_col1,sentence_col2,n_raters,mean_rating,std_dev,mean_abs_dev,difficulties,raters,pct_exact_match_with_mode,verb,verb_en,verb_casual,frame_en,frame_en_id,sent_mt_pval,verb_mt_pval
wo kal read kar chuke the,wo kal padh chuke the,6,4.333,2.805,2.333,"[1, 7, 7, 1, 4, 6]","['s.406f0f9c-40d6-4037-ab36-d9ca831d0c7e.txt', 's.6e707c44-3689-475a-9844-ba5f97e04291.txt', 's.9c69cad2-2c39-483c-8a6a-7a026189066c.txt', 's.f906f239-0dd1-45b8-a4c0-78392435fb3c.txt', 's.fbc77057-b007-4e28-bbbd-d5b476b444fa.txt', 's.ffa0172a-58f2-49bf-8490-dcc31f314310.txt']",33.3,पढ,read,padh,wo kal X kar chuke the,2,0.63538,0.0003
speed karna mana hona chahiye,bhagana mana hona chahiye,6,3.667,2.658,2.333,"[1, 5, 7, 6, 1, 2]","['s.406f0f9c-40d6-4037-ab36-d9ca831d0c7e.txt', 's.6e707c44-3689-475a-9844-ba5f97e04291.txt', 's.9c69cad2-2c39-483c-8a6a-7a026189066c.txt', 's.f906f239-0dd1-45b8-a4c0-78392435fb3c.txt', 's.fbc77057-b007-4e28-bbbd-d5b476b444fa.txt', 's.ffa0172a-58f2-49bf-8490-dcc31f314310.txt']",33.3,भगा,speed,bhaga,X karna mana hona chahiye,3,0.9566,0.00054
collect karna aasan hai,lena aasan hai,6,3.833,2.639,2.167,"[1, 4, 7, 2, 7, 2]","['s.406f0f9c-40d6-4037-ab36-d9ca831d0c7e.txt', 's.6e707c44-3689-475a-9844-ba5f97e04291.txt', 's.9c69cad2-2c39-483c-8a6a-7a026189066c.txt', 's.f906f239-0dd1-45b8-a4c0-78392435fb3c.txt', 's.fbc77057-b007-4e28-bbbd-d5b476b444fa.txt', 's.ffa0172a-58f2-49bf-8490-dcc31f314310.txt']",33.3,ले,collect,le,X karna aasan hai,1,0.63538,0.40744
study karna mana hona chahiye,padhna mana hona chahiye,6,4.333,2.582,2.222,"[1, 6, 6, 6, 1, 6]","['s.406f0f9c-40d6-4037-ab36-d9ca831d0c7e.txt', 's.6e707c44-3689-475a-9844-ba5f97e04291.txt', 's.9c69cad2-2c39-483c-8a6a-7a026189066c.txt', 's.f906f239-0dd1-45b8-a4c0-78392435fb3c.txt', 's.fbc77057-b007-4e28-bbbd-d5b476b444fa.txt', 's.ffa0172a-58f2-49bf-8490-dcc31f314310.txt']",66.7,पढ,study,padh,X karna mana hona chahiye,3,0.00792,0.0005
rub karna mana hona chahiye,mitana mana hona chahiye,6,4.667,2.582,2.111,"[7, 5, 7, 2, 1, 6]","['s.406f0f9c-40d6-4037-ab36-d9ca831d0c7e.txt', 's.6e707c44-3689-475a-9844-ba5f97e04291.txt', 's.9c69cad2-2c39-483c-8a6a-7a026189066c.txt', 's.f906f239-0dd1-45b8-a4c0-78392435fb3c.txt', 's.fbc77057-b007-4e28-bbbd-d5b476b444fa.txt', 's.ffa0172a-58f2-49bf-8490-dcc31f314310.txt']",33.3,मिटा,rub,mita,X karna mana hona chahiye,3,0.9566,0.00172
wo aaram se pierce karte rahenge,wo aaram se bhedte rahenge,6,3.667,2.503,2.0,"[1, 3, 4, 1, 7, 6]","['s.406f0f9c-40d6-4037-ab36-d9ca831d0c7e.txt', 's.6e707c44-3689-475a-9844-ba5f97e04291.txt', 's.9c69cad2-2c39-483c-8a6a-7a026189066c.txt', 's.f906f239-0dd1-45b8-a4c0-78392435fb3c.txt', 's.fbc77057-b007-4e28-bbbd-d5b476b444fa.txt', 's.ffa0172a-58f2-49bf-8490-dcc31f314310.txt']",33.3,भेद,pierce,bhed,wo aaram se X karte rahenge,4,0.9566,0.78412
wo kal collect kar chuke the,wo kal le chuke the,5,3.8,2.49,2.16,"[2, 2, 2, 7, 6]","['s.406f0f9c-40d6-4037-ab36-d9ca831d0c7e.txt', 's.9c69cad2-2c39-483c-8a6a-7a026189066c.txt', 's.f906f239-0dd1-45b8-a4c0-78392435fb3c.txt', 's.fbc77057-b007-4e28-bbbd-d5b476b444fa.txt', 's.ffa0172a-58f2-49bf-8490-dcc31f314310.txt']",60.0,ले,collect,le,wo kal X kar chuke the,2,0.1628,0.40744
ring karna aasan hai,bajana aasan hai,6,3.833,2.483,1.889,"[1, 6, 4, 1, 7, 4]","['s.406f0f9c-40d6-4037-ab36-d9ca831d0c7e.txt', 's.6e707c44-3689-475a-9844-ba5f97e04291.txt', 's.9c69cad2-2c39-483c-8a6a-7a026189066c.txt', 's.f906f239-0dd1-45b8-a4c0-78392435fb3c.txt', 's.fbc77057-b007-4e28-bbbd-d5b476b444fa.txt', 's.ffa0172a-58f2-49bf-8490-dcc31f314310.txt']",33.3,बजा,ring,baja,X karna aasan hai,1,0.63538,0.00422
wo string kar rahe hain,wo piro rahe hain,6,3.167,2.483,2.167,"[1, 1, 6, 4, 1, 6]","['s.406f0f9c-40d6-4037-ab36-d9ca831d0c7e.txt', 's.6e707c44-3689-475a-9844-ba5f97e04291.txt', 's.9c69cad2-2c39-483c-8a6a-7a026189066c.txt', 's.f906f239-0dd1-45b8-a4c0-78392435fb3c.txt', 's.fbc77057-b007-4e28-bbbd-d5b476b444fa.txt', 's.ffa0172a-58f2-49bf-8490-dcc31f314310.txt']",50.0,पिरो,string,piro,wo X kar rahe hain,0,0.14746,0.23084
string karna mana hona chahiye,pirona mana hona chahiye,6,4.167,2.483,2.167,"[1, 3, 6, 2, 7, 6]","['s.406f0f9c-40d6-4037-ab36-d9ca831d0c7e.txt', 's.6e707c44-3689-475a-9844-ba5f97e04291.txt', 's.9c69cad2-2c39-483c-8a6a-7a026189066c.txt', 's.f906f239-0dd1-45b8-a4c0-78392435fb3c.txt', 's.fbc77057-b007-4e28-bbbd-d5b476b444fa.txt', 's.ffa0172a-58f2-49bf-8490-dcc31f314310.txt']",33.3,पिरो,string,piro,X karna mana hona chahiye,3,0.9566,0.23084
imagine karna aasan hai,sochna aasan hai,6,4.0,2.449,2.0,"[1, 6, 4, 6, 1, 6]","['s.406f0f9c-40d6-4037-ab36-d9ca831d0c7e.txt', 's.6e707c44-3689-475a-9844-ba5f97e04291.txt', 's.9c69cad2-2c39-483c-8a6a-7a026189066c.txt', 's.f906f239-0dd1-45b8-a4c0-78392435fb3c.txt', 's.fbc77057-b007-4e28-bbbd-d5b476b444fa.txt', 's.ffa0172a-58f2-49bf-8490-dcc31f314310.txt']",50.0,सोच,imagine,soch,X karna aasan hai,1,0.14746,0.00098
panic karna aasan hai,ghabrana aasan hai,8,3.75,2.435,2.0,"[1, 5, 1, 3, 2, 4, 7, 7]","['s.0716579a-cc45-4ca1-9021-fd2959db6ada.txt', 's.42fe05db-1e3d-477e-9140-317d4e336f5b.txt', 's.82383061-e8b6-4b44-8e30-47dce81774d2.txt', 's.bf75cd3d-0fe9-42b4-8a2d-68587dfe709b.txt', 's.c1b9bafc-1ccb-426b-9de9-345e4a0accd7.txt', 's.d17a8cad-6ae4-4768-831d-fd0a23931e15.txt', 's.f71f6749-2ba6-44ac-84af-1d77f2b3f538.txt', 's.ffcc8a9d-0806-426c-a0cc-1b67f5a90e2a.txt']",25.0,घबड़ा,panic,ghabra,X karna aasan hai,1,0.9769,0.35652
wo ring kar rahe hain,wo baja rahe hain,8,4.25,2.375,1.812,"[7, 4, 1, 6, 7, 4, 1, 4]","['s.0716579a-cc45-4ca1-9021-fd2959db6ada.txt', 's.42fe05db-1e3d-477e-9140-317d4e336f5b.txt', 's.82383061-e8b6-4b44-8e30-47dce81774d2.txt', 's.bf75cd3d-0fe9-42b4-8a2d-68587dfe709b.txt', 's.c1b9bafc-1ccb-426b-9de9-345e4a0accd7.txt', 's.d17a8cad-6ae4-4768-831d-fd0a23931e15.txt', 's.f71f6749-2ba6-44ac-84af-1d77f2b3f538.txt', 's.ffcc8a9d-0806-426c-a0cc-1b67f5a90e2a.txt']",37.5,बजा,ring,baja,wo X kar rahe hain,0,0.29634,0.00422
wo aaram se create karte rahenge,wo aaram se banate rahenge,6,5.667,2.338,1.556,"[1, 7, 7, 6, 7, 6]","['s.406f0f9c-40d6-4037-ab36-d9ca831d0c7e.txt', 's.6e707c44-3689-475a-9844-ba5f97e04291.txt', 's.9c69cad2-2c39-483c-8a6a-7a026189066c.txt', 's.f906f239-0dd1-45b8-a4c0-78392435fb3c.txt', 's.fbc77057-b007-4e28-bbbd-d5b476b444fa.txt', 's.ffa0172a-58f2-49bf-8490-dcc31f314310.txt']",50.0,बना,create,bana,wo aaram se X karte rahenge,4,0.14746,2e-05
wo boil kar rahe hain,wo khaula rahe hain,6,2.333,2.338,1.556,"[1, 2, 7, 1, 1, 2]","['s.406f0f9c-40d6-4037-ab36-d9ca831d0c7e.txt', 's.6e707c44-3689-475a-9844-ba5f97e04291.txt', 's.9c69cad2-2c39-483c-8a6a-7a026189066c.txt', 's.f906f239-0dd1-45b8-a4c0-78392435fb3c.txt', 's.fbc77057-b007-4e28-bbbd-d5b476b444fa.txt', 's.ffa0172a-58f2-49bf-8490-dcc31f314310.txt']",50.0,खौला,boil,khaula,wo X kar rahe hain,0,0.14746,0.00026
ring karna mana hona chahiye,bajana mana hona chahiye,8,4.0,2.33,2.0,"[6, 4, 1, 6, 6, 2, 1, 6]","['s.0716579a-cc45-4ca1-9021-fd2959db6ada.txt', 's.42fe05db-1e3d-477e-9140-317d4e336f5b.txt', 's.82383061-e8b6-4b44-8e30-47dce81774d2.txt', 's.bf75cd3d-0fe9-42b4-8a2d-68587dfe709b.txt', 's.c1b9bafc-1ccb-426b-9de9-345e4a0accd7.txt', 's.d17a8cad-6ae4-4768-831d-fd0a23931e15.txt', 's.f71f6749-2ba6-44ac-84af-1d77f2b3f538.txt', 's.ffcc8a9d-0806-426c-a0cc-1b67f5a90e2a.txt']",50.0,बजा,ring,baja,X karna mana hona chahiye,3,0.10454,0.00422
wo create kar rahe hain,wo bana rahe hain,6,5.167,2.317,1.778,"[1, 7, 6, 4, 7, 6]","['s.406f0f9c-40d6-4037-ab36-d9ca831d0c7e.txt', 's.6e707c44-3689-475a-9844-ba5f97e04291.txt', 's.9c69cad2-2c39-483c-8a6a-7a026189066c.txt', 's.f906f239-0dd1-45b8-a4c0-78392435fb3c.txt', 's.fbc77057-b007-4e28-bbbd-d5b476b444fa.txt', 's.ffa0172a-58f2-49bf-8490-dcc31f314310.txt']",33.3,बना,create,bana,wo X kar rahe hain,0,0.63538,2e-05
wo crack kar rahe hain,wo foot rahe hain,6,4.167,2.317,1.833,"[7, 5, 1, 4, 2, 6]","['s.406f0f9c-40d6-4037-ab36-d9ca831d0c7e.txt', 's.6e707c44-3689-475a-9844-ba5f97e04291.txt', 's.9c69cad2-2c39-483c-8a6a-7a026189066c.txt', 's.f906f239-0dd1-45b8-a4c0-78392435fb3c.txt', 's.fbc77057-b007-4e28-bbbd-d5b476b444fa.txt', 's.ffa0172a-58f2-49bf-8490-dcc31f314310.txt']",16.7,फूट,crack,foot,wo X kar rahe hain,0,1.0,0.24424
wo kal crack kar chuke the,wo kal foot chuke the,8,3.875,2.295,1.906,"[2, 5, 7, 5, 6, 4, 1, 1]","['s.0716579a-cc45-4ca1-9021-fd2959db6ada.txt', 's.42fe05db-1e3d-477e-9140-317d4e336f5b.txt', 's.82383061-e8b6-4b44-8e30-47dce81774d2.txt', 's.bf75cd3d-0fe9-42b4-8a2d-68587dfe709b.txt', 's.c1b9bafc-1ccb-426b-9de9-345e4a0accd7.txt', 's.d17a8cad-6ae4-4768-831d-fd0a23931e15.txt', 's.f71f6749-2ba6-44ac-84af-1d77f2b3f538.txt', 's.ffcc8a9d-0806-426c-a0cc-1b67f5a90e2a.txt']",25.0,फूट,crack,foot,wo kal X kar chuke the,2,0.9769,0.24424
touch karna mana hona chahiye,choona mana hona chahiye,8,4.125,2.295,1.656,"[4, 4, 1, 5, 7, 4, 1, 7]","['s.0716579a-cc45-4ca1-9021-fd2959db6ada.txt', 's.42fe05db-1e3d-477e-9140-317d4e336f5b.txt', 's.82383061-e8b6-4b44-8e30-47dce81774d2.txt', 's.bf75cd3d-0fe9-42b4-8a2d-68587dfe709b.txt', 's.c1b9bafc-1ccb-426b-9de9-345e4a0accd7.txt', 's.d17a8cad-6ae4-4768-831d-fd0a23931e15.txt', 's.f71f6749-2ba6-44ac-84af-1d77f2b3f538.txt', 's.ffcc8a9d-0806-426c-a0cc-1b67f5a90e2a.txt']",37.5,छू,touch,choo,X karna mana hona chahiye,3,0.29634,0.1233
pierce karna aasan hai,bhedna aasan hai,8,4.0,2.268,2.0,"[2, 2, 7, 3, 1, 6, 5, 6]","['s.0716579a-cc45-4ca1-9021-fd2959db6ada.txt', 's.42fe05db-1e3d-477e-9140-317d4e336f5b.txt', 's.82383061-e8b6-4b44-8e30-47dce81774d2.txt', 's.bf75cd3d-0fe9-42b4-8a2d-68587dfe709b.txt', 's.c1b9bafc-1ccb-426b-9de9-345e4a0accd7.txt', 's.d17a8cad-6ae4-4768-831d-fd0a23931e15.txt', 's.f71f6749-2ba6-44ac-84af-1d77f2b3f538.txt', 's.ffcc8a9d-0806-426c-a0cc-1b67f5a90e2a.txt']",25.0,भेद,pierce,bhed,X karna aasan hai,1,0.9769,0.78412
collect karna mana hona chahiye,lena mana hona chahiye,8,4.375,2.264,1.781,"[6, 5, 1, 5, 6, 4, 1, 7]","['s.0716579a-cc45-4ca1-9021-fd2959db6ada.txt', 's.42fe05db-1e3d-477e-9140-317d4e336f5b.txt', 's.82383061-e8b6-4b44-8e30-47dce81774d2.txt', 's.bf75cd3d-0fe9-42b4-8a2d-68587dfe709b.txt', 's.c1b9bafc-1ccb-426b-9de9-345e4a0accd7.txt', 's.d17a8cad-6ae4-4768-831d-fd0a23931e15.txt', 's.f71f6749-2ba6-44ac-84af-1d77f2b3f538.txt', 's.ffcc8a9d-0806-426c-a0cc-1b67f5a90e2a.txt']",25.0,ले,collect,le,X karna mana hona chahiye,3,0.74086,0.40744
wo aaram se string karte rahenge,wo aaram se pirote rahenge,8,3.75,2.252,1.938,"[2, 3, 7, 5, 2, 2, 2, 7]","['s.0716579a-cc45-4ca1-9021-fd2959db6ada.txt', 's.42fe05db-1e3d-477e-9140-317d4e336f5b.txt', 's.82383061-e8b6-4b44-8e30-47dce81774d2.txt', 's.bf75cd3d-0fe9-42b4-8a2d-68587dfe709b.txt', 's.c1b9bafc-1ccb-426b-9de9-345e4a0accd7.txt', 's.d17a8cad-6ae4-4768-831d-fd0a23931e15.txt', 's.f71f6749-2ba6-44ac-84af-1d77f2b3f538.txt', 's.ffcc8a9d-0806-426c-a0cc-1b67f5a90e2a.txt']",50.0,पिरो,string,piro,wo aaram se X karte rahenge,4,0.10454,0.23084
wo aaram se crack karte rahenge,wo aaram se footte rahenge,8,4.5,2.204,1.75,"[4, 5, 2, 6, 7, 1, 7, 4]","['s.0716579a-cc45-4ca1-9021-fd2959db6ada.txt', 's.42fe05db-1e3d-477e-9140-317d4e336f5b.txt', 's.82383061-e8b6-4b44-8e30-47dce81774d2.txt', 's.bf75cd3d-0fe9-42b4-8a2d-68587dfe709b.txt', 's.c1b9bafc-1ccb-426b-9de9-345e4a0accd7.txt', 's.d17a8cad-6ae4-4768-831d-fd0a23931e15.txt', 's.f71f6749-2ba6-44ac-84af-1d77f2b3f538.txt', 's.ffcc8a9d-0806-426c-a0cc-1b67f5a90e2a.txt']",25.0,फूट,crack,foot,wo aaram se X karte rahenge,4,0.9769,0.24424
create karna aasan hai,banana aasan hai,8,5.375,2.2,1.781,"[4, 7, 7, 7, 7, 4, 1, 6]","['s.0716579a-cc45-4ca1-9021-fd2959db6ada.txt', 's.42fe05db-1e3d-477e-9140-317d4e336f5b.txt', 's.82383061-e8b6-4b44-8e30-47dce81774d2.txt', 's.bf75cd3d-0fe9-42b4-8a2d-68587dfe709b.txt', 's.c1b9bafc-1ccb-426b-9de9-345e4a0accd7.txt', 's.d17a8cad-6ae4-4768-831d-fd0a23931e15.txt', 's.f71f6749-2ba6-44ac-84af-1d77f2b3f538.txt', 's.ffcc8a9d-0806-426c-a0cc-1b67f5a90e2a.txt']",50.0,बना,create,bana,X karna aasan hai,1,0.10454,2e-05
wo seduce kar rahe hain,wo lubha rahe hain,6,3.0,2.191,1.667,"[4, 2, 7, 2, 1, 2]","['s.406f0f9c-40d6-4037-ab36-d9ca831d0c7e.txt', 's.6e707c44-3689-475a-9844-ba5f97e04291.txt', 's.9c69cad2-2c39-483c-8a6a-7a026189066c.txt', 's.f906f239-0dd1-45b8-a4c0-78392435fb3c.txt', 's.fbc77057-b007-4e28-bbbd-d5b476b444fa.txt', 's.ffa0172a-58f2-49bf-8490-dcc31f314310.txt']",50.0,लुभा,seduce,lubha,wo X kar rahe hain,0,0.31384,0.08082
read karna mana hona chahiye,padhna mana hona chahiye,8,5.75,2.188,1.625,"[7, 7, 4, 7, 7, 6, 1, 7]","['s.0716579a-cc45-4ca1-9021-fd2959db6ada.txt', 's.42fe05db-1e3d-477e-9140-317d4e336f5b.txt', 's.82383061-e8b6-4b44-8e30-47dce81774d2.txt', 's.bf75cd3d-0fe9-42b4-8a2d-68587dfe709b.txt', 's.c1b9bafc-1ccb-426b-9de9-345e4a0accd7.txt', 's.d17a8cad-6ae4-4768-831d-fd0a23931e15.txt', 's.f71f6749-2ba6-44ac-84af-1d77f2b3f538.txt', 's.ffcc8a9d-0806-426c-a0cc-1b67f5a90e2a.txt']",62.5,पढ,read,padh,X karna mana hona chahiye,3,0.02656,0.0003
wo kal touch kar chuke the,wo kal choo chuke the,6,3.167,2.137,1.833,"[1, 5, 4, 1, 2, 6]","['s.406f0f9c-40d6-4037-ab36-d9ca831d0c7e.txt', 's.6e707c44-3689-475a-9844-ba5f97e04291.txt', 's.9c69cad2-2c39-483c-8a6a-7a026189066c.txt', 's.f906f239-0dd1-45b8-a4c0-78392435fb3c.txt', 's.fbc77057-b007-4e28-bbbd-d5b476b444fa.txt', 's.ffa0172a-58f2-49bf-8490-dcc31f314310.txt']",33.3,छू,touch,choo,wo kal X kar chuke the,2,0.9566,0.1233
wo kal move kar chuke the,wo kal chal chuke the,6,4.167,2.137,1.833,"[1, 3, 6, 3, 6, 6]","['s.406f0f9c-40d6-4037-ab36-d9ca831d0c7e.txt', 's.6e707c44-3689-475a-9844-ba5f97e04291.txt', 's.9c69cad2-2c39-483c-8a6a-7a026189066c.txt', 's.f906f239-0dd1-45b8-a4c0-78392435fb3c.txt', 's.fbc77057-b007-4e28-bbbd-d5b476b444fa.txt', 's.ffa0172a-58f2-49bf-8490-dcc31f314310.txt']",50.0,चल्,move,chal,wo kal X kar chuke the,2,0.14746,0.0138
rub karna aasan hai,mitana aasan hai,6,5.167,2.137,1.444,"[5, 6, 7, 6, 1, 6]","['s.406f0f9c-40d6-4037-ab36-d9ca831d0c7e.txt', 's.6e707c44-3689-475a-9844-ba5f97e04291.txt', 's.9c69cad2-2c39-483c-8a6a-7a026189066c.txt', 's.f906f239-0dd1-45b8-a4c0-78392435fb3c.txt', 's.fbc77057-b007-4e28-bbbd-d5b476b444fa.txt', 's.ffa0172a-58f2-49bf-8490-dcc31f314310.txt']",50.0,मिटा,rub,mita,X karna aasan hai,1,0.31384,0.00172
wo change kar rahe hain,wo badal rahe hain,8,4.625,2.134,1.719,"[4, 5, 6, 6, 2, 6, 1, 7]","['s.0716579a-cc45-4ca1-9021-fd2959db6ada.txt', 's.42fe05db-1e3d-477e-9140-317d4e336f5b.txt', 's.82383061-e8b6-4b44-8e30-47dce81774d2.txt', 's.bf75cd3d-0fe9-42b4-8a2d-68587dfe709b.txt', 's.c1b9bafc-1ccb-426b-9de9-345e4a0accd7.txt', 's.d17a8cad-6ae4-4768-831d-fd0a23931e15.txt', 's.f71f6749-2ba6-44ac-84af-1d77f2b3f538.txt', 's.ffcc8a9d-0806-426c-a0cc-1b67f5a90e2a.txt']",37.5,बदल,change,badal,wo X kar rahe hain,0,0.78996,0.16124
dare karna aasan hai,lalkaarna aasan hai,8,3.25,2.121,1.75,"[4, 5, 1, 4, 2, 7, 1, 2]","['s.0716579a-cc45-4ca1-9021-fd2959db6ada.txt', 's.42fe05db-1e3d-477e-9140-317d4e336f5b.txt', 's.82383061-e8b6-4b44-8e30-47dce81774d2.txt', 's.bf75cd3d-0fe9-42b4-8a2d-68587dfe709b.txt', 's.c1b9bafc-1ccb-426b-9de9-345e4a0accd7.txt', 's.d17a8cad-6ae4-4768-831d-fd0a23931e15.txt', 's.f71f6749-2ba6-44ac-84af-1d77f2b3f538.txt', 's.ffcc8a9d-0806-426c-a0cc-1b67f5a90e2a.txt']",25.0,ललकार,dare,lalkaar,X karna aasan hai,1,0.74086,0.33138
wo knock kar rahe hain,wo khatkhata rahe hain,8,4.125,2.1,1.656,"[4, 3, 1, 6, 2, 4, 6, 7]","['s.0716579a-cc45-4ca1-9021-fd2959db6ada.txt', 's.42fe05db-1e3d-477e-9140-317d4e336f5b.txt', 's.82383061-e8b6-4b44-8e30-47dce81774d2.txt', 's.bf75cd3d-0fe9-42b4-8a2d-68587dfe709b.txt', 's.c1b9bafc-1ccb-426b-9de9-345e4a0accd7.txt', 's.d17a8cad-6ae4-4768-831d-fd0a23931e15.txt', 's.f71f6749-2ba6-44ac-84af-1d77f2b3f538.txt', 's.ffcc8a9d-0806-426c-a0cc-1b67f5a90e2a.txt']",25.0,खटखटा,knock,khatkhata,wo X kar rahe hain,0,0.9769,0.31882
wo panic kar rahe hain,wo ghabra rahe hain,6,3.5,2.074,1.667,"[1, 4, 4, 5, 1, 6]","['s.406f0f9c-40d6-4037-ab36-d9ca831d0c7e.txt', 's.6e707c44-3689-475a-9844-ba5f97e04291.txt', 's.9c69cad2-2c39-483c-8a6a-7a026189066c.txt', 's.f906f239-0dd1-45b8-a4c0-78392435fb3c.txt', 's.fbc77057-b007-4e28-bbbd-d5b476b444fa.txt', 's.ffa0172a-58f2-49bf-8490-dcc31f314310.txt']",33.3,घबड़ा,panic,ghabra,wo X kar rahe hain,0,0.63538,0.35652
wo kal panic kar chuke the,wo kal ghabra chuke the,8,4.5,2.07,1.625,"[1, 4, 7, 6, 3, 4, 7, 4]","['s.0716579a-cc45-4ca1-9021-fd2959db6ada.txt', 's.42fe05db-1e3d-477e-9140-317d4e336f5b.txt', 's.82383061-e8b6-4b44-8e30-47dce81774d2.txt', 's.bf75cd3d-0fe9-42b4-8a2d-68587dfe709b.txt', 's.c1b9bafc-1ccb-426b-9de9-345e4a0accd7.txt', 's.d17a8cad-6ae4-4768-831d-fd0a23931e15.txt', 's.f71f6749-2ba6-44ac-84af-1d77f2b3f538.txt', 's.ffcc8a9d-0806-426c-a0cc-1b67f5a90e2a.txt']",37.5,घबड़ा,panic,ghabra,wo kal X kar chuke the,2,0.55854,0.35652
wo study kar rahe hain,wo padh rahe hain,6,4.833,2.041,1.556,"[4, 6, 6, 6, 1, 6]","['s.406f0f9c-40d6-4037-ab36-d9ca831d0c7e.txt', 's.6e707c44-3689-475a-9844-ba5f97e04291.txt', 's.9c69cad2-2c39-483c-8a6a-7a026189066c.txt', 's.f906f239-0dd1-45b8-a4c0-78392435fb3c.txt', 's.fbc77057-b007-4e28-bbbd-d5b476b444fa.txt', 's.ffa0172a-58f2-49bf-8490-dcc31f314310.txt']",66.7,पढ,study,padh,wo X kar rahe hain,0,0.03872,0.0005
wo kal imagine kar chuke the,wo kal soch chuke the,6,3.833,2.041,1.556,"[1, 4, 4, 2, 6, 6]","['s.406f0f9c-40d6-4037-ab36-d9ca831d0c7e.txt', 's.6e707c44-3689-475a-9844-ba5f97e04291.txt', 's.9c69cad2-2c39-483c-8a6a-7a026189066c.txt', 's.f906f239-0dd1-45b8-a4c0-78392435fb3c.txt', 's.fbc77057-b007-4e28-bbbd-d5b476b444fa.txt', 's.ffa0172a-58f2-49bf-8490-dcc31f314310.txt']",33.3,सोच,imagine,soch,wo kal X kar chuke the,2,0.63538,0.00098
wo kal pierce kar chuke the,wo kal bhed chuke the,8,3.875,2.031,1.594,"[2, 3, 4, 3, 7, 7, 3, 2]","['s.0716579a-cc45-4ca1-9021-fd2959db6ada.txt', 's.42fe05db-1e3d-477e-9140-317d4e336f5b.txt', 's.82383061-e8b6-4b44-8e30-47dce81774d2.txt', 's.bf75cd3d-0fe9-42b4-8a2d-68587dfe709b.txt', 's.c1b9bafc-1ccb-426b-9de9-345e4a0accd7.txt', 's.d17a8cad-6ae4-4768-831d-fd0a23931e15.txt', 's.f71f6749-2ba6-44ac-84af-1d77f2b3f538.txt', 's.ffcc8a9d-0806-426c-a0cc-1b67f5a90e2a.txt']",37.5,भेद,pierce,bhed,wo kal X kar chuke the,2,0.29634,0.78412
wo kal hinder kar chuke the,wo kal rok chuke the,6,6.0,2.0,1.333,"[7, 7, 7, 2, 7, 6]","['s.406f0f9c-40d6-4037-ab36-d9ca831d0c7e.txt', 's.6e707c44-3689-475a-9844-ba5f97e04291.txt', 's.9c69cad2-2c39-483c-8a6a-7a026189066c.txt', 's.f906f239-0dd1-45b8-a4c0-78392435fb3c.txt', 's.fbc77057-b007-4e28-bbbd-d5b476b444fa.txt', 's.ffa0172a-58f2-49bf-8490-dcc31f314310.txt']",66.7,रोक,hinder,rok,wo kal X kar chuke the,2,0.03872,0.0
spray karna aasan hai,chidakna aasan hai,6,3.0,2.0,1.667,"[2, 4, 4, 1, 1, 6]","['s.406f0f9c-40d6-4037-ab36-d9ca831d0c7e.txt', 's.6e707c44-3689-475a-9844-ba5f97e04291.txt', 's.9c69cad2-2c39-483c-8a6a-7a026189066c.txt', 's.f906f239-0dd1-45b8-a4c0-78392435fb3c.txt', 's.fbc77057-b007-4e28-bbbd-d5b476b444fa.txt', 's.ffa0172a-58f2-49bf-8490-dcc31f314310.txt']",33.3,छिड़क,spray,chidak,X karna aasan hai,1,0.63538,0.0695
wo gauge kar rahe hain,wo bhaap rahe hain,8,4.375,1.996,1.625,"[3, 5, 6, 3, 4, 6, 1, 7]","['s.0716579a-cc45-4ca1-9021-fd2959db6ada.txt', 's.42fe05db-1e3d-477e-9140-317d4e336f5b.txt', 's.82383061-e8b6-4b44-8e30-47dce81774d2.txt', 's.bf75cd3d-0fe9-42b4-8a2d-68587dfe709b.txt', 's.c1b9bafc-1ccb-426b-9de9-345e4a0accd7.txt', 's.d17a8cad-6ae4-4768-831d-fd0a23931e15.txt', 's.f71f6749-2ba6-44ac-84af-1d77f2b3f538.txt', 's.ffcc8a9d-0806-426c-a0cc-1b67f5a90e2a.txt']",25.0,भाँप,gauge,bhaap,wo X kar rahe hain,0,0.9769,0.36192
wo kal dare kar chuke the,wo kal lalkaar chuke the,8,3.75,1.982,1.562,"[4, 4, 1, 3, 5, 6, 1, 6]","['s.0716579a-cc45-4ca1-9021-fd2959db6ada.txt', 's.42fe05db-1e3d-477e-9140-317d4e336f5b.txt', 's.82383061-e8b6-4b44-8e30-47dce81774d2.txt', 's.bf75cd3d-0fe9-42b4-8a2d-68587dfe709b.txt', 's.c1b9bafc-1ccb-426b-9de9-345e4a0accd7.txt', 's.d17a8cad-6ae4-4768-831d-fd0a23931e15.txt', 's.f71f6749-2ba6-44ac-84af-1d77f2b3f538.txt', 's.ffcc8a9d-0806-426c-a0cc-1b67f5a90e2a.txt']",25.0,ललकार,dare,lalkaar,wo kal X kar chuke the,2,0.74086,0.33138
wo rub kar rahe hain,wo mita rahe hain,8,5.75,1.982,1.188,"[6, 6, 1, 7, 6, 6, 7, 7]","['s.0716579a-cc45-4ca1-9021-fd2959db6ada.txt', 's.42fe05db-1e3d-477e-9140-317d4e336f5b.txt', 's.82383061-e8b6-4b44-8e30-47dce81774d2.txt', 's.bf75cd3d-0fe9-42b4-8a2d-68587dfe709b.txt', 's.c1b9bafc-1ccb-426b-9de9-345e4a0accd7.txt', 's.d17a8cad-6ae4-4768-831d-fd0a23931e15.txt', 's.f71f6749-2ba6-44ac-84af-1d77f2b3f538.txt', 's.ffcc8a9d-0806-426c-a0cc-1b67f5a90e2a.txt']",50.0,मिटा,rub,mita,wo X kar rahe hain,0,0.0183,0.00172
wo aaram se boil karte rahenge,wo aaram se khaulate rahenge,8,2.875,1.959,1.375,"[2, 3, 1, 1, 2, 3, 7, 4]","['s.0716579a-cc45-4ca1-9021-fd2959db6ada.txt', 's.42fe05db-1e3d-477e-9140-317d4e336f5b.txt', 's.82383061-e8b6-4b44-8e30-47dce81774d2.txt', 's.bf75cd3d-0fe9-42b4-8a2d-68587dfe709b.txt', 's.c1b9bafc-1ccb-426b-9de9-345e4a0accd7.txt', 's.d17a8cad-6ae4-4768-831d-fd0a23931e15.txt', 's.f71f6749-2ba6-44ac-84af-1d77f2b3f538.txt', 's.ffcc8a9d-0806-426c-a0cc-1b67f5a90e2a.txt']",25.0,खौला,boil,khaula,wo aaram se X karte rahenge,4,0.74086,0.00026
touch karna aasan hai,choona aasan hai,8,3.375,1.923,1.375,"[4, 4, 1, 3, 7, 3, 1, 4]","['s.0716579a-cc45-4ca1-9021-fd2959db6ada.txt', 's.42fe05db-1e3d-477e-9140-317d4e336f5b.txt', 's.82383061-e8b6-4b44-8e30-47dce81774d2.txt', 's.bf75cd3d-0fe9-42b4-8a2d-68587dfe709b.txt', 's.c1b9bafc-1ccb-426b-9de9-345e4a0accd7.txt', 's.d17a8cad-6ae4-4768-831d-fd0a23931e15.txt', 's.f71f6749-2ba6-44ac-84af-1d77f2b3f538.txt', 's.ffcc8a9d-0806-426c-a0cc-1b67f5a90e2a.txt']",37.5,छू,touch,choo,X karna aasan hai,1,0.29634,0.1233
wo aaram se speed karte rahenge,wo aaram se bhagate rahenge,8,5.75,1.909,1.562,"[7, 5, 7, 7, 2, 4, 7, 7]","['s.0716579a-cc45-4ca1-9021-fd2959db6ada.txt', 's.42fe05db-1e3d-477e-9140-317d4e336f5b.txt', 's.82383061-e8b6-4b44-8e30-47dce81774d2.txt', 's.bf75cd3d-0fe9-42b4-8a2d-68587dfe709b.txt', 's.c1b9bafc-1ccb-426b-9de9-345e4a0accd7.txt', 's.d17a8cad-6ae4-4768-831d-fd0a23931e15.txt', 's.f71f6749-2ba6-44ac-84af-1d77f2b3f538.txt', 's.ffcc8a9d-0806-426c-a0cc-1b67f5a90e2a.txt']",62.5,भगा,speed,bhaga,wo aaram se X karte rahenge,4,0.02656,0.00054
wo aaram se panic karte rahenge,wo aaram se ghabrate rahenge,6,4.5,1.871,1.333,"[1, 5, 4, 6, 6, 5]","['s.406f0f9c-40d6-4037-ab36-d9ca831d0c7e.txt', 's.6e707c44-3689-475a-9844-ba5f97e04291.txt', 's.9c69cad2-2c39-483c-8a6a-7a026189066c.txt', 's.f906f239-0dd1-45b8-a4c0-78392435fb3c.txt', 's.fbc77057-b007-4e28-bbbd-d5b476b444fa.txt', 's.ffa0172a-58f2-49bf-8490-dcc31f314310.txt']",33.3,घबड़ा,panic,ghabra,wo aaram se X karte rahenge,4,0.63538,0.35652
knock karna aasan hai,khatkhatana aasan hai,6,2.833,1.835,1.5,"[1, 5, 2, 5, 1, 3]","['s.406f0f9c-40d6-4037-ab36-d9ca831d0c7e.txt', 's.6e707c44-3689-475a-9844-ba5f97e04291.txt', 's.9c69cad2-2c39-483c-8a6a-7a026189066c.txt', 's.f906f239-0dd1-45b8-a4c0-78392435fb3c.txt', 's.fbc77057-b007-4e28-bbbd-d5b476b444fa.txt', 's.ffa0172a-58f2-49bf-8490-dcc31f314310.txt']",33.3,खटखटा,knock,khatkhata,X karna aasan hai,1,0.63538,0.31882
spray karna mana hona chahiye,chidakna mana hona chahiye,8,3.125,1.808,1.188,"[2, 3, 1, 3, 7, 3, 2, 4]","['s.0716579a-cc45-4ca1-9021-fd2959db6ada.txt', 's.42fe05db-1e3d-477e-9140-317d4e336f5b.txt', 's.82383061-e8b6-4b44-8e30-47dce81774d2.txt', 's.bf75cd3d-0fe9-42b4-8a2d-68587dfe709b.txt', 's.c1b9bafc-1ccb-426b-9de9-345e4a0accd7.txt', 's.d17a8cad-6ae4-4768-831d-fd0a23931e15.txt', 's.f71f6749-2ba6-44ac-84af-1d77f2b3f538.txt', 's.ffcc8a9d-0806-426c-a0cc-1b67f5a90e2a.txt']",37.5,छिड़क,spray,chidak,X karna mana hona chahiye,3,0.55854,0.0695
wo aaram se kiss karte rahenge,wo aaram se choomte rahenge,8,2.5,1.773,1.375,"[3, 2, 1, 2, 1, 4, 1, 6]","['s.0716579a-cc45-4ca1-9021-fd2959db6ada.txt', 's.42fe05db-1e3d-477e-9140-317d4e336f5b.txt', 's.82383061-e8b6-4b44-8e30-47dce81774d2.txt', 's.bf75cd3d-0fe9-42b4-8a2d-68587dfe709b.txt', 's.c1b9bafc-1ccb-426b-9de9-345e4a0accd7.txt', 's.d17a8cad-6ae4-4768-831d-fd0a23931e15.txt', 's.f71f6749-2ba6-44ac-84af-1d77f2b3f538.txt', 's.ffcc8a9d-0806-426c-a0cc-1b67f5a90e2a.txt']",37.5,चूम,kiss,choom,wo aaram se X karte rahenge,4,0.55854,0.00012
wo collect kar rahe hain,wo le rahe hain,8,5.0,1.773,1.25,"[5, 6, 7, 5, 3, 5, 7, 2]","['s.0716579a-cc45-4ca1-9021-fd2959db6ada.txt', 's.42fe05db-1e3d-477e-9140-317d4e336f5b.txt', 's.82383061-e8b6-4b44-8e30-47dce81774d2.txt', 's.bf75cd3d-0fe9-42b4-8a2d-68587dfe709b.txt', 's.c1b9bafc-1ccb-426b-9de9-345e4a0accd7.txt', 's.d17a8cad-6ae4-4768-831d-fd0a23931e15.txt', 's.f71f6749-2ba6-44ac-84af-1d77f2b3f538.txt', 's.ffcc8a9d-0806-426c-a0cc-1b67f5a90e2a.txt']",37.5,ले,collect,le,wo X kar rahe hain,0,0.55854,0.40744
wo aaram se change karte rahenge,wo aaram se badalte rahenge,8,3.625,1.768,1.469,"[4, 2, 2, 5, 5, 4, 1, 6]","['s.0716579a-cc45-4ca1-9021-fd2959db6ada.txt', 's.42fe05db-1e3d-477e-9140-317d4e336f5b.txt', 's.82383061-e8b6-4b44-8e30-47dce81774d2.txt', 's.bf75cd3d-0fe9-42b4-8a2d-68587dfe709b.txt', 's.c1b9bafc-1ccb-426b-9de9-345e4a0accd7.txt', 's.d17a8cad-6ae4-4768-831d-fd0a23931e15.txt', 's.f71f6749-2ba6-44ac-84af-1d77f2b3f538.txt', 's.ffcc8a9d-0806-426c-a0cc-1b67f5a90e2a.txt']",25.0,बदल,change,badal,wo aaram se X karte rahenge,4,0.74086,0.16124
wo kal string kar chuke the,wo kal piro chuke the,8,5.125,1.727,1.344,"[2, 3, 5, 6, 6, 6, 6, 7]","['s.0716579a-cc45-4ca1-9021-fd2959db6ada.txt', 's.42fe05db-1e3d-477e-9140-317d4e336f5b.txt', 's.82383061-e8b6-4b44-8e30-47dce81774d2.txt', 's.bf75cd3d-0fe9-42b4-8a2d-68587dfe709b.txt', 's.c1b9bafc-1ccb-426b-9de9-345e4a0accd7.txt', 's.d17a8cad-6ae4-4768-831d-fd0a23931e15.txt', 's.f71f6749-2ba6-44ac-84af-1d77f2b3f538.txt', 's.ffcc8a9d-0806-426c-a0cc-1b67f5a90e2a.txt']",50.0,पिरो,string,piro,wo kal X kar chuke the,2,0.29634,0.23084
gauge karna aasan hai,bhaapna aasan hai,6,4.0,1.673,1.333,"[6, 2, 3, 4, 6, 3]","['s.406f0f9c-40d6-4037-ab36-d9ca831d0c7e.txt', 's.6e707c44-3689-475a-9844-ba5f97e04291.txt', 's.9c69cad2-2c39-483c-8a6a-7a026189066c.txt', 's.f906f239-0dd1-45b8-a4c0-78392435fb3c.txt', 's.fbc77057-b007-4e28-bbbd-d5b476b444fa.txt', 's.ffa0172a-58f2-49bf-8490-dcc31f314310.txt']",33.3,भाँप,gauge,bhaap,X karna aasan hai,1,0.63538,0.36192
wo aaram se gauge karte rahenge,wo aaram se bhaapte rahenge,8,4.25,1.669,1.312,"[3, 5, 7, 2, 4, 6, 3, 4]","['s.0716579a-cc45-4ca1-9021-fd2959db6ada.txt', 's.42fe05db-1e3d-477e-9140-317d4e336f5b.txt', 's.82383061-e8b6-4b44-8e30-47dce81774d2.txt', 's.bf75cd3d-0fe9-42b4-8a2d-68587dfe709b.txt', 's.c1b9bafc-1ccb-426b-9de9-345e4a0accd7.txt', 's.d17a8cad-6ae4-4768-831d-fd0a23931e15.txt', 's.f71f6749-2ba6-44ac-84af-1d77f2b3f538.txt', 's.ffcc8a9d-0806-426c-a0cc-1b67f5a90e2a.txt']",25.0,भाँप,gauge,bhaap,wo aaram se X karte rahenge,4,0.9769,0.36192
wo aaram se dare karte rahenge,wo aaram se lalkaarte rahenge,6,3.333,1.633,1.333,"[4, 4, 2, 6, 2, 2]","['s.406f0f9c-40d6-4037-ab36-d9ca831d0c7e.txt', 's.6e707c44-3689-475a-9844-ba5f97e04291.txt', 's.9c69cad2-2c39-483c-8a6a-7a026189066c.txt', 's.f906f239-0dd1-45b8-a4c0-78392435fb3c.txt', 's.fbc77057-b007-4e28-bbbd-d5b476b444fa.txt', 's.ffa0172a-58f2-49bf-8490-dcc31f314310.txt']",50.0,ललकार,dare,lalkaar,wo aaram se X karte rahenge,4,0.14746,0.33138
gauge karna mana hona chahiye,bhaapna mana hona chahiye,6,4.333,1.633,1.111,"[4, 4, 4, 5, 7, 2]","['s.406f0f9c-40d6-4037-ab36-d9ca831d0c7e.txt', 's.6e707c44-3689-475a-9844-ba5f97e04291.txt', 's.9c69cad2-2c39-483c-8a6a-7a026189066c.txt', 's.f906f239-0dd1-45b8-a4c0-78392435fb3c.txt', 's.fbc77057-b007-4e28-bbbd-d5b476b444fa.txt', 's.ffa0172a-58f2-49bf-8490-dcc31f314310.txt']",50.0,भाँप,gauge,bhaap,X karna mana hona chahiye,3,0.31384,0.36192
move karna aasan hai,chalna aasan hai,8,5.5,1.604,1.375,"[4, 6, 7, 7, 6, 4, 3, 7]","['s.0716579a-cc45-4ca1-9021-fd2959db6ada.txt', 's.42fe05db-1e3d-477e-9140-317d4e336f5b.txt', 's.82383061-e8b6-4b44-8e30-47dce81774d2.txt', 's.bf75cd3d-0fe9-42b4-8a2d-68587dfe709b.txt', 's.c1b9bafc-1ccb-426b-9de9-345e4a0accd7.txt', 's.d17a8cad-6ae4-4768-831d-fd0a23931e15.txt', 's.f71f6749-2ba6-44ac-84af-1d77f2b3f538.txt', 's.ffcc8a9d-0806-426c-a0cc-1b67f5a90e2a.txt']",37.5,चल्,move,chal,X karna aasan hai,1,0.29634,0.0138
witness karna mana hona chahiye,dekhna mana hona chahiye,8,5.625,1.598,1.062,"[6, 6, 6, 7, 2, 5, 7, 6]","['s.0716579a-cc45-4ca1-9021-fd2959db6ada.txt', 's.42fe05db-1e3d-477e-9140-317d4e336f5b.txt', 's.82383061-e8b6-4b44-8e30-47dce81774d2.txt', 's.bf75cd3d-0fe9-42b4-8a2d-68587dfe709b.txt', 's.c1b9bafc-1ccb-426b-9de9-345e4a0accd7.txt', 's.d17a8cad-6ae4-4768-831d-fd0a23931e15.txt', 's.f71f6749-2ba6-44ac-84af-1d77f2b3f538.txt', 's.ffcc8a9d-0806-426c-a0cc-1b67f5a90e2a.txt']",50.0,देख्,witness,dekh,X karna mana hona chahiye,3,0.10454,0.0
wo yearn kar rahe hain,wo taras rahe hain,6,6.0,1.549,1.0,"[7, 7, 3, 6, 7, 6]","['s.406f0f9c-40d6-4037-ab36-d9ca831d0c7e.txt', 's.6e707c44-3689-475a-9844-ba5f97e04291.txt', 's.9c69cad2-2c39-483c-8a6a-7a026189066c.txt', 's.f906f239-0dd1-45b8-a4c0-78392435fb3c.txt', 's.fbc77057-b007-4e28-bbbd-d5b476b444fa.txt', 's.ffa0172a-58f2-49bf-8490-dcc31f314310.txt']",50.0,तरस,yearn,taras,wo X kar rahe hain,0,0.14746,0.0
wo aaram se yearn karte rahenge,wo aaram se taraste rahenge,6,6.0,1.549,1.0,"[7, 7, 3, 6, 7, 6]","['s.406f0f9c-40d6-4037-ab36-d9ca831d0c7e.txt', 's.6e707c44-3689-475a-9844-ba5f97e04291.txt', 's.9c69cad2-2c39-483c-8a6a-7a026189066c.txt', 's.f906f239-0dd1-45b8-a4c0-78392435fb3c.txt', 's.fbc77057-b007-4e28-bbbd-d5b476b444fa.txt', 's.ffa0172a-58f2-49bf-8490-dcc31f314310.txt']",50.0,तरस,yearn,taras,wo aaram se X karte rahenge,4,0.14746,0.0
knock karna mana hona chahiye,khatkhatana mana hona chahiye,6,2.0,1.549,1.333,"[1, 4, 1, 1, 1, 4]","['s.406f0f9c-40d6-4037-ab36-d9ca831d0c7e.txt', 's.6e707c44-3689-475a-9844-ba5f97e04291.txt', 's.9c69cad2-2c39-483c-8a6a-7a026189066c.txt', 's.f906f239-0dd1-45b8-a4c0-78392435fb3c.txt', 's.fbc77057-b007-4e28-bbbd-d5b476b444fa.txt', 's.ffa0172a-58f2-49bf-8490-dcc31f314310.txt']",66.7,खटखटा,knock,khatkhata,X karna mana hona chahiye,3,0.00792,0.31882
crack karna mana hona chahiye,footna mana hona chahiye,6,3.0,1.549,1.333,"[1, 5, 4, 2, 2, 4]","['s.406f0f9c-40d6-4037-ab36-d9ca831d0c7e.txt', 's.6e707c44-3689-475a-9844-ba5f97e04291.txt', 's.9c69cad2-2c39-483c-8a6a-7a026189066c.txt', 's.f906f239-0dd1-45b8-a4c0-78392435fb3c.txt', 's.fbc77057-b007-4e28-bbbd-d5b476b444fa.txt', 's.ffa0172a-58f2-49bf-8490-dcc31f314310.txt']",33.3,फूट,crack,foot,X karna mana hona chahiye,3,0.63538,0.24424
change karna mana hona chahiye,badalna mana hona chahiye,6,2.667,1.506,1.222,"[1, 5, 4, 2, 2, 2]","['s.406f0f9c-40d6-4037-ab36-d9ca831d0c7e.txt', 's.6e707c44-3689-475a-9844-ba5f97e04291.txt', 's.9c69cad2-2c39-483c-8a6a-7a026189066c.txt', 's.f906f239-0dd1-45b8-a4c0-78392435fb3c.txt', 's.fbc77057-b007-4e28-bbbd-d5b476b444fa.txt', 's.ffa0172a-58f2-49bf-8490-dcc31f314310.txt']",50.0,बदल,change,badal,X karna mana hona chahiye,3,0.31384,0.16124
wo speed kar rahe hain,wo bhaga rahe hain,8,6.25,1.488,1.125,"[7, 5, 7, 7, 3, 7, 7, 7]","['s.0716579a-cc45-4ca1-9021-fd2959db6ada.txt', 's.42fe05db-1e3d-477e-9140-317d4e336f5b.txt', 's.82383061-e8b6-4b44-8e30-47dce81774d2.txt', 's.bf75cd3d-0fe9-42b4-8a2d-68587dfe709b.txt', 's.c1b9bafc-1ccb-426b-9de9-345e4a0accd7.txt', 's.d17a8cad-6ae4-4768-831d-fd0a23931e15.txt', 's.f71f6749-2ba6-44ac-84af-1d77f2b3f538.txt', 's.ffcc8a9d-0806-426c-a0cc-1b67f5a90e2a.txt']",75.0,भगा,speed,bhaga,wo X kar rahe hain,0,0.00154,0.00054
wo tear kar rahe hain,wo faad rahe hain,6,5.833,1.472,1.222,"[7, 7, 7, 4, 4, 6]","['s.406f0f9c-40d6-4037-ab36-d9ca831d0c7e.txt', 's.6e707c44-3689-475a-9844-ba5f97e04291.txt', 's.9c69cad2-2c39-483c-8a6a-7a026189066c.txt', 's.f906f239-0dd1-45b8-a4c0-78392435fb3c.txt', 's.fbc77057-b007-4e28-bbbd-d5b476b444fa.txt', 's.ffa0172a-58f2-49bf-8490-dcc31f314310.txt']",50.0,फाड़,tear,faad,wo X kar rahe hain,0,0.14746,0.0
wo aaram se seduce karte rahenge,wo aaram se lubhate rahenge,6,3.0,1.414,1.0,"[4, 3, 3, 5, 1, 2]","['s.406f0f9c-40d6-4037-ab36-d9ca831d0c7e.txt', 's.6e707c44-3689-475a-9844-ba5f97e04291.txt', 's.9c69cad2-2c39-483c-8a6a-7a026189066c.txt', 's.f906f239-0dd1-45b8-a4c0-78392435fb3c.txt', 's.fbc77057-b007-4e28-bbbd-d5b476b444fa.txt', 's.ffa0172a-58f2-49bf-8490-dcc31f314310.txt']",33.3,लुभा,seduce,lubha,wo aaram se X karte rahenge,4,0.9566,0.08082
smell karna mana hona chahiye,mahakna mana hona chahiye,8,2.375,1.408,1.062,"[2, 5, 1, 2, 2, 4, 1, 2]","['s.0716579a-cc45-4ca1-9021-fd2959db6ada.txt', 's.42fe05db-1e3d-477e-9140-317d4e336f5b.txt', 's.82383061-e8b6-4b44-8e30-47dce81774d2.txt', 's.bf75cd3d-0fe9-42b4-8a2d-68587dfe709b.txt', 's.c1b9bafc-1ccb-426b-9de9-345e4a0accd7.txt', 's.d17a8cad-6ae4-4768-831d-fd0a23931e15.txt', 's.f71f6749-2ba6-44ac-84af-1d77f2b3f538.txt', 's.ffcc8a9d-0806-426c-a0cc-1b67f5a90e2a.txt']",50.0,महक,smell,mahak,X karna mana hona chahiye,3,0.10454,0.0
read karna aasan hai,padhna aasan hai,6,5.667,1.366,1.111,"[4, 4, 7, 6, 7, 6]","['s.406f0f9c-40d6-4037-ab36-d9ca831d0c7e.txt', 's.6e707c44-3689-475a-9844-ba5f97e04291.txt', 's.9c69cad2-2c39-483c-8a6a-7a026189066c.txt', 's.f906f239-0dd1-45b8-a4c0-78392435fb3c.txt', 's.fbc77057-b007-4e28-bbbd-d5b476b444fa.txt', 's.ffa0172a-58f2-49bf-8490-dcc31f314310.txt']",33.3,पढ,read,padh,X karna aasan hai,1,0.17424,0.0003
wo smell kar rahe hain,wo mahak rahe hain,8,1.875,1.356,0.875,"[1, 5, 1, 1, 2, 2, 1, 2]","['s.0716579a-cc45-4ca1-9021-fd2959db6ada.txt', 's.42fe05db-1e3d-477e-9140-317d4e336f5b.txt', 's.82383061-e8b6-4b44-8e30-47dce81774d2.txt', 's.bf75cd3d-0fe9-42b4-8a2d-68587dfe709b.txt', 's.c1b9bafc-1ccb-426b-9de9-345e4a0accd7.txt', 's.d17a8cad-6ae4-4768-831d-fd0a23931e15.txt', 's.f71f6749-2ba6-44ac-84af-1d77f2b3f538.txt', 's.ffcc8a9d-0806-426c-a0cc-1b67f5a90e2a.txt']",50.0,महक,smell,mahak,wo X kar rahe hain,0,0.0183,0.0
wo imagine kar rahe hain,wo soch rahe hain,8,6.0,1.309,1.0,"[4, 4, 7, 6, 7, 6, 7, 7]","['s.0716579a-cc45-4ca1-9021-fd2959db6ada.txt', 's.42fe05db-1e3d-477e-9140-317d4e336f5b.txt', 's.82383061-e8b6-4b44-8e30-47dce81774d2.txt', 's.bf75cd3d-0fe9-42b4-8a2d-68587dfe709b.txt', 's.c1b9bafc-1ccb-426b-9de9-345e4a0accd7.txt', 's.d17a8cad-6ae4-4768-831d-fd0a23931e15.txt', 's.f71f6749-2ba6-44ac-84af-1d77f2b3f538.txt', 's.ffcc8a9d-0806-426c-a0cc-1b67f5a90e2a.txt']",50.0,सोच,imagine,soch,wo X kar rahe hain,0,0.03418,0.00098
wo kal seduce kar chuke the,wo kal lubha chuke the,8,2.5,1.195,1.0,"[2, 4, 1, 3, 3, 2, 4, 1]","['s.0716579a-cc45-4ca1-9021-fd2959db6ada.txt', 's.42fe05db-1e3d-477e-9140-317d4e336f5b.txt', 's.82383061-e8b6-4b44-8e30-47dce81774d2.txt', 's.bf75cd3d-0fe9-42b4-8a2d-68587dfe709b.txt', 's.c1b9bafc-1ccb-426b-9de9-345e4a0accd7.txt', 's.d17a8cad-6ae4-4768-831d-fd0a23931e15.txt', 's.f71f6749-2ba6-44ac-84af-1d77f2b3f538.txt', 's.ffcc8a9d-0806-426c-a0cc-1b67f5a90e2a.txt']",25.0,लुभा,seduce,lubha,wo kal X kar chuke the,2,0.31208,0.08082
imagine karna mana hona chahiye,sochna mana hona chahiye,8,5.625,1.188,0.969,"[6, 5, 7, 6, 7, 4, 6, 4]","['s.0716579a-cc45-4ca1-9021-fd2959db6ada.txt', 's.42fe05db-1e3d-477e-9140-317d4e336f5b.txt', 's.82383061-e8b6-4b44-8e30-47dce81774d2.txt', 's.bf75cd3d-0fe9-42b4-8a2d-68587dfe709b.txt', 's.c1b9bafc-1ccb-426b-9de9-345e4a0accd7.txt', 's.d17a8cad-6ae4-4768-831d-fd0a23931e15.txt', 's.f71f6749-2ba6-44ac-84af-1d77f2b3f538.txt', 's.ffcc8a9d-0806-426c-a0cc-1b67f5a90e2a.txt']",37.5,सोच,imagine,soch,X karna mana hona chahiye,3,0.29634,0.00098
wo aaram se study karte rahenge,wo aaram se padhte rahenge,8,6.125,1.126,0.875,"[6, 5, 7, 6, 7, 4, 7, 7]","['s.0716579a-cc45-4ca1-9021-fd2959db6ada.txt', 's.42fe05db-1e3d-477e-9140-317d4e336f5b.txt', 's.82383061-e8b6-4b44-8e30-47dce81774d2.txt', 's.bf75cd3d-0fe9-42b4-8a2d-68587dfe709b.txt', 's.c1b9bafc-1ccb-426b-9de9-345e4a0accd7.txt', 's.d17a8cad-6ae4-4768-831d-fd0a23931e15.txt', 's.f71f6749-2ba6-44ac-84af-1d77f2b3f538.txt', 's.ffcc8a9d-0806-426c-a0cc-1b67f5a90e2a.txt']",50.0,पढ,study,padh,wo aaram se X karte rahenge,4,0.10454,0.0005
smell karna aasan hai,mahakna aasan hai,6,2.0,1.095,0.667,"[1, 2, 2, 4, 1, 2]","['s.406f0f9c-40d6-4037-ab36-d9ca831d0c7e.txt', 's.6e707c44-3689-475a-9844-ba5f97e04291.txt', 's.9c69cad2-2c39-483c-8a6a-7a026189066c.txt', 's.f906f239-0dd1-45b8-a4c0-78392435fb3c.txt', 's.fbc77057-b007-4e28-bbbd-d5b476b444fa.txt', 's.ffa0172a-58f2-49bf-8490-dcc31f314310.txt']",50.0,महक,smell,mahak,X karna aasan hai,1,0.14746,0.0
kiss karna mana hona chahiye,choomna mana hona chahiye,6,2.0,1.095,0.667,"[1, 2, 4, 2, 1, 2]","['s.406f0f9c-40d6-4037-ab36-d9ca831d0c7e.txt', 's.6e707c44-3689-475a-9844-ba5f97e04291.txt', 's.9c69cad2-2c39-483c-8a6a-7a026189066c.txt', 's.f906f239-0dd1-45b8-a4c0-78392435fb3c.txt', 's.fbc77057-b007-4e28-bbbd-d5b476b444fa.txt', 's.ffa0172a-58f2-49bf-8490-dcc31f314310.txt']",50.0,चूम,kiss,choom,X karna mana hona chahiye,3,0.14746,0.00012
wo kal tear kar chuke the,wo kal faad chuke the,8,6.5,1.069,0.75,"[7, 6, 7, 7, 7, 7, 4, 7]","['s.0716579a-cc45-4ca1-9021-fd2959db6ada.txt', 's.42fe05db-1e3d-477e-9140-317d4e336f5b.txt', 's.82383061-e8b6-4b44-8e30-47dce81774d2.txt', 's.bf75cd3d-0fe9-42b4-8a2d-68587dfe709b.txt', 's.c1b9bafc-1ccb-426b-9de9-345e4a0accd7.txt', 's.d17a8cad-6ae4-4768-831d-fd0a23931e15.txt', 's.f71f6749-2ba6-44ac-84af-1d77f2b3f538.txt', 's.ffcc8a9d-0806-426c-a0cc-1b67f5a90e2a.txt']",75.0,फाड़,tear,faad,wo kal X kar chuke the,2,0.00154,0.0
witness karna aasan hai,dekhna aasan hai,8,6.5,1.069,0.75,"[7, 7, 7, 7, 7, 6, 7, 4]","['s.0716579a-cc45-4ca1-9021-fd2959db6ada.txt', 's.42fe05db-1e3d-477e-9140-317d4e336f5b.txt', 's.82383061-e8b6-4b44-8e30-47dce81774d2.txt', 's.bf75cd3d-0fe9-42b4-8a2d-68587dfe709b.txt', 's.c1b9bafc-1ccb-426b-9de9-345e4a0accd7.txt', 's.d17a8cad-6ae4-4768-831d-fd0a23931e15.txt', 's.f71f6749-2ba6-44ac-84af-1d77f2b3f538.txt', 's.ffcc8a9d-0806-426c-a0cc-1b67f5a90e2a.txt']",75.0,देख्,witness,dekh,X karna aasan hai,1,0.00154,0.0
wo kal create kar chuke the,wo kal bana chuke the,8,5.875,0.991,0.688,"[6, 5, 7, 6, 6, 7, 6, 4]","['s.0716579a-cc45-4ca1-9021-fd2959db6ada.txt', 's.42fe05db-1e3d-477e-9140-317d4e336f5b.txt', 's.82383061-e8b6-4b44-8e30-47dce81774d2.txt', 's.bf75cd3d-0fe9-42b4-8a2d-68587dfe709b.txt', 's.c1b9bafc-1ccb-426b-9de9-345e4a0accd7.txt', 's.d17a8cad-6ae4-4768-831d-fd0a23931e15.txt', 's.f71f6749-2ba6-44ac-84af-1d77f2b3f538.txt', 's.ffcc8a9d-0806-426c-a0cc-1b67f5a90e2a.txt']",50.0,बना,create,bana,wo kal X kar chuke the,2,0.10454,2e-05
wo kal enumerate kar chuke the,wo kal gin chuke the,6,6.167,0.983,0.833,"[7, 5, 7, 5, 7, 6]","['s.406f0f9c-40d6-4037-ab36-d9ca831d0c7e.txt', 's.6e707c44-3689-475a-9844-ba5f97e04291.txt', 's.9c69cad2-2c39-483c-8a6a-7a026189066c.txt', 's.f906f239-0dd1-45b8-a4c0-78392435fb3c.txt', 's.fbc77057-b007-4e28-bbbd-d5b476b444fa.txt', 's.ffa0172a-58f2-49bf-8490-dcc31f314310.txt']",50.0,गिन,enumerate,gin,wo kal X kar chuke the,2,0.14746,0.0
wo kal spray kar chuke the,wo kal chidak chuke the,6,1.833,0.983,0.833,"[1, 3, 3, 1, 1, 2]","['s.406f0f9c-40d6-4037-ab36-d9ca831d0c7e.txt', 's.6e707c44-3689-475a-9844-ba5f97e04291.txt', 's.9c69cad2-2c39-483c-8a6a-7a026189066c.txt', 's.f906f239-0dd1-45b8-a4c0-78392435fb3c.txt', 's.fbc77057-b007-4e28-bbbd-d5b476b444fa.txt', 's.ffa0172a-58f2-49bf-8490-dcc31f314310.txt']",50.0,छिड़क,spray,chidak,wo kal X kar chuke the,2,0.14746,0.0695
wo aaram se tear karte rahenge,wo aaram se faadte rahenge,8,6.25,0.886,0.75,"[5, 6, 7, 7, 7, 5, 6, 7]","['s.0716579a-cc45-4ca1-9021-fd2959db6ada.txt', 's.42fe05db-1e3d-477e-9140-317d4e336f5b.txt', 's.82383061-e8b6-4b44-8e30-47dce81774d2.txt', 's.bf75cd3d-0fe9-42b4-8a2d-68587dfe709b.txt', 's.c1b9bafc-1ccb-426b-9de9-345e4a0accd7.txt', 's.d17a8cad-6ae4-4768-831d-fd0a23931e15.txt', 's.f71f6749-2ba6-44ac-84af-1d77f2b3f538.txt', 's.ffcc8a9d-0806-426c-a0cc-1b67f5a90e2a.txt']",50.0,फाड़,tear,faad,wo aaram se X karte rahenge,4,0.03418,0.0
wo aaram se move karte rahenge,wo aaram se chalte rahenge,6,6.167,0.753,0.556,"[7, 6, 6, 6, 7, 5]","['s.406f0f9c-40d6-4037-ab36-d9ca831d0c7e.txt', 's.6e707c44-3689-475a-9844-ba5f97e04291.txt', 's.9c69cad2-2c39-483c-8a6a-7a026189066c.txt', 's.f906f239-0dd1-45b8-a4c0-78392435fb3c.txt', 's.fbc77057-b007-4e28-bbbd-d5b476b444fa.txt', 's.ffa0172a-58f2-49bf-8490-dcc31f314310.txt']",50.0,चल्,move,chal,wo aaram se X karte rahenge,4,0.14746,0.0138
wo kal boil kar chuke the,wo kal khaula chuke the,8,1.875,0.641,0.438,"[2, 3, 1, 2, 2, 2, 2, 1]","['s.0716579a-cc45-4ca1-9021-fd2959db6ada.txt', 's.42fe05db-1e3d-477e-9140-317d4e336f5b.txt', 's.82383061-e8b6-4b44-8e30-47dce81774d2.txt', 's.bf75cd3d-0fe9-42b4-8a2d-68587dfe709b.txt', 's.c1b9bafc-1ccb-426b-9de9-345e4a0accd7.txt', 's.d17a8cad-6ae4-4768-831d-fd0a23931e15.txt', 's.f71f6749-2ba6-44ac-84af-1d77f2b3f538.txt', 's.ffcc8a9d-0806-426c-a0cc-1b67f5a90e2a.txt']",62.5,खौला,boil,khaula,wo kal X kar chuke the,2,0.00828,0.00026
weep karna aasan hai,rona aasan hai,6,6.5,0.548,0.5,"[7, 6, 7, 6, 7, 6]","['s.406f0f9c-40d6-4037-ab36-d9ca831d0c7e.txt', 's.6e707c44-3689-475a-9844-ba5f97e04291.txt', 's.9c69cad2-2c39-483c-8a6a-7a026189066c.txt', 's.f906f239-0dd1-45b8-a4c0-78392435fb3c.txt', 's.fbc77057-b007-4e28-bbbd-d5b476b444fa.txt', 's.ffa0172a-58f2-49bf-8490-dcc31f314310.txt']",50.0,रो,weep,ro,X karna aasan hai,1,0.01176,0.0
wo aaram se hinder karte rahenge,wo aaram se rokte rahenge,6,6.5,0.548,0.5,"[7, 6, 7, 6, 7, 6]","['s.406f0f9c-40d6-4037-ab36-d9ca831d0c7e.txt', 's.6e707c44-3689-475a-9844-ba5f97e04291.txt', 's.9c69cad2-2c39-483c-8a6a-7a026189066c.txt', 's.f906f239-0dd1-45b8-a4c0-78392435fb3c.txt', 's.fbc77057-b007-4e28-bbbd-d5b476b444fa.txt', 's.ffa0172a-58f2-49bf-8490-dcc31f314310.txt']",50.0,रोक,hinder,rok,wo aaram se X karte rahenge,4,0.01176,0.0
enumerate karna aasan hai,ginna aasan hai,8,6.625,0.518,0.469,"[6, 7, 6, 7, 6, 7, 7, 7]","['s.0716579a-cc45-4ca1-9021-fd2959db6ada.txt', 's.42fe05db-1e3d-477e-9140-317d4e336f5b.txt', 's.82383061-e8b6-4b44-8e30-47dce81774d2.txt', 's.bf75cd3d-0fe9-42b4-8a2d-68587dfe709b.txt', 's.c1b9bafc-1ccb-426b-9de9-345e4a0accd7.txt', 's.d17a8cad-6ae4-4768-831d-fd0a23931e15.txt', 's.f71f6749-2ba6-44ac-84af-1d77f2b3f538.txt', 's.ffcc8a9d-0806-426c-a0cc-1b67f5a90e2a.txt']",62.5,गिन,enumerate,gin,X karna aasan hai,1,0.00154,0.0
wo kal yearn kar chuke the,wo kal taras chuke the,8,6.625,0.518,0.469,"[7, 7, 6, 7, 6, 7, 6, 7]","['s.0716579a-cc45-4ca1-9021-fd2959db6ada.txt', 's.42fe05db-1e3d-477e-9140-317d4e336f5b.txt', 's.82383061-e8b6-4b44-8e30-47dce81774d2.txt', 's.bf75cd3d-0fe9-42b4-8a2d-68587dfe709b.txt', 's.c1b9bafc-1ccb-426b-9de9-345e4a0accd7.txt', 's.d17a8cad-6ae4-4768-831d-fd0a23931e15.txt', 's.f71f6749-2ba6-44ac-84af-1d77f2b3f538.txt', 's.ffcc8a9d-0806-426c-a0cc-1b67f5a90e2a.txt']",62.5,तरस,yearn,taras,wo kal X kar chuke the,2,0.00154,0.0
wo kiss kar rahe hain,wo choom rahe hain,6,1.667,0.516,0.444,"[1, 2, 2, 2, 1, 2]","['s.406f0f9c-40d6-4037-ab36-d9ca831d0c7e.txt', 's.6e707c44-3689-475a-9844-ba5f97e04291.txt', 's.9c69cad2-2c39-483c-8a6a-7a026189066c.txt', 's.f906f239-0dd1-45b8-a4c0-78392435fb3c.txt', 's.fbc77057-b007-4e28-bbbd-d5b476b444fa.txt', 's.ffa0172a-58f2-49bf-8490-dcc31f314310.txt']",66.7,चूम,kiss,choom,wo X kar rahe hain,0,0.00792,0.00012
wo kal witness kar chuke the,wo kal dekh chuke the,6,6.333,0.516,0.444,"[7, 6, 6, 7, 6, 6]","['s.406f0f9c-40d6-4037-ab36-d9ca831d0c7e.txt', 's.6e707c44-3689-475a-9844-ba5f97e04291.txt', 's.9c69cad2-2c39-483c-8a6a-7a026189066c.txt', 's.f906f239-0dd1-45b8-a4c0-78392435fb3c.txt', 's.fbc77057-b007-4e28-bbbd-d5b476b444fa.txt', 's.ffa0172a-58f2-49bf-8490-dcc31f314310.txt']",66.7,देख्,witness,dekh,wo kal X kar chuke the,2,0.00792,0.0
wo kal pulverise kar chuke the,wo kal pees chuke the,6,6.667,0.516,0.444,"[7, 6, 7, 7, 7, 6]","['s.406f0f9c-40d6-4037-ab36-d9ca831d0c7e.txt', 's.6e707c44-3689-475a-9844-ba5f97e04291.txt', 's.9c69cad2-2c39-483c-8a6a-7a026189066c.txt', 's.f906f239-0dd1-45b8-a4c0-78392435fb3c.txt', 's.fbc77057-b007-4e28-bbbd-d5b476b444fa.txt', 's.ffa0172a-58f2-49bf-8490-dcc31f314310.txt']",66.7,पीस,pulverise,pees,wo kal X kar chuke the,2,0.00792,0.0
wo aaram se weep karte rahenge,wo aaram se rote rahenge,8,6.75,0.463,0.375,"[6, 7, 7, 7, 6, 7, 7, 7]","['s.0716579a-cc45-4ca1-9021-fd2959db6ada.txt', 's.42fe05db-1e3d-477e-9140-317d4e336f5b.txt', 's.82383061-e8b6-4b44-8e30-47dce81774d2.txt', 's.bf75cd3d-0fe9-42b4-8a2d-68587dfe709b.txt', 's.c1b9bafc-1ccb-426b-9de9-345e4a0accd7.txt', 's.d17a8cad-6ae4-4768-831d-fd0a23931e15.txt', 's.f71f6749-2ba6-44ac-84af-1d77f2b3f538.txt', 's.ffcc8a9d-0806-426c-a0cc-1b67f5a90e2a.txt']",75.0,रो,weep,ro,wo aaram se X karte rahenge,4,0.0003,0.0
wo aaram se pulverise karte rahenge,wo aaram se peeste rahenge,6,6.833,0.408,0.278,"[7, 7, 7, 7, 7, 6]","['s.406f0f9c-40d6-4037-ab36-d9ca831d0c7e.txt', 's.6e707c44-3689-475a-9844-ba5f97e04291.txt', 's.9c69cad2-2c39-483c-8a6a-7a026189066c.txt', 's.f906f239-0dd1-45b8-a4c0-78392435fb3c.txt', 's.fbc77057-b007-4e28-bbbd-d5b476b444fa.txt', 's.ffa0172a-58f2-49bf-8490-dcc31f314310.txt']",83.3,पीस,pulverise,pees,wo aaram se X karte rahenge,4,0.00224,0.0
wo aaram se enumerate karte rahenge,wo aaram se ginte rahenge,6,6.833,0.408,0.278,"[7, 7, 7, 7, 7, 6]","['s.406f0f9c-40d6-4037-ab36-d9ca831d0c7e.txt', 's.6e707c44-3689-475a-9844-ba5f97e04291.txt', 's.9c69cad2-2c39-483c-8a6a-7a026189066c.txt', 's.f906f239-0dd1-45b8-a4c0-78392435fb3c.txt', 's.fbc77057-b007-4e28-bbbd-d5b476b444fa.txt', 's.ffa0172a-58f2-49bf-8490-dcc31f314310.txt']",83.3,गिन,enumerate,gin,wo aaram se X karte rahenge,4,0.00224,0.0
weep karna mana hona chahiye,rona mana hona chahiye,6,6.833,0.408,0.278,"[7, 7, 7, 7, 7, 6]","['s.406f0f9c-40d6-4037-ab36-d9ca831d0c7e.txt', 's.6e707c44-3689-475a-9844-ba5f97e04291.txt', 's.9c69cad2-2c39-483c-8a6a-7a026189066c.txt', 's.f906f239-0dd1-45b8-a4c0-78392435fb3c.txt', 's.fbc77057-b007-4e28-bbbd-d5b476b444fa.txt', 's.ffa0172a-58f2-49bf-8490-dcc31f314310.txt']",83.3,रो,weep,ro,X karna mana hona chahiye,3,0.00224,0.0
pulverise karna aasan hai,peesna aasan hai,8,6.875,0.354,0.219,"[7, 7, 7, 6, 7, 7, 7, 7]","['s.0716579a-cc45-4ca1-9021-fd2959db6ada.txt', 's.42fe05db-1e3d-477e-9140-317d4e336f5b.txt', 's.82383061-e8b6-4b44-8e30-47dce81774d2.txt', 's.bf75cd3d-0fe9-42b4-8a2d-68587dfe709b.txt', 's.c1b9bafc-1ccb-426b-9de9-345e4a0accd7.txt', 's.d17a8cad-6ae4-4768-831d-fd0a23931e15.txt', 's.f71f6749-2ba6-44ac-84af-1d77f2b3f538.txt', 's.ffcc8a9d-0806-426c-a0cc-1b67f5a90e2a.txt']",87.5,पीस,pulverise,pees,X karna aasan hai,1,6e-05,0.0
hinder karna aasan hai,rokna aasan hai,8,6.875,0.354,0.219,"[6, 7, 7, 7, 7, 7, 7, 7]","['s.0716579a-cc45-4ca1-9021-fd2959db6ada.txt', 's.42fe05db-1e3d-477e-9140-317d4e336f5b.txt', 's.82383061-e8b6-4b44-8e30-47dce81774d2.txt', 's.bf75cd3d-0fe9-42b4-8a2d-68587dfe709b.txt', 's.c1b9bafc-1ccb-426b-9de9-345e4a0accd7.txt', 's.d17a8cad-6ae4-4768-831d-fd0a23931e15.txt', 's.f71f6749-2ba6-44ac-84af-1d77f2b3f538.txt', 's.ffcc8a9d-0806-426c-a0cc-1b67f5a90e2a.txt']",87.5,रोक,hinder,rok,X karna aasan hai,1,6e-05,0.0
enumerate karna mana hona chahiye,ginna mana hona chahiye,8,6.875,0.354,0.219,"[7, 7, 7, 7, 6, 7, 7, 7]","['s.0716579a-cc45-4ca1-9021-fd2959db6ada.txt', 's.42fe05db-1e3d-477e-9140-317d4e336f5b.txt', 's.82383061-e8b6-4b44-8e30-47dce81774d2.txt', 's.bf75cd3d-0fe9-42b4-8a2d-68587dfe709b.txt', 's.c1b9bafc-1ccb-426b-9de9-345e4a0accd7.txt', 's.d17a8cad-6ae4-4768-831d-fd0a23931e15.txt', 's.f71f6749-2ba6-44ac-84af-1d77f2b3f538.txt', 's.ffcc8a9d-0806-426c-a0cc-1b67f5a90e2a.txt']",87.5,गिन,enumerate,gin,X karna mana hona chahiye,3,6e-05,0.0
pulverise karna mana hona chahiye,peesna mana hona chahiye,8,6.875,0.354,0.219,"[7, 7, 7, 7, 7, 6, 7, 7]","['s.0716579a-cc45-4ca1-9021-fd2959db6ada.txt', 's.42fe05db-1e3d-477e-9140-317d4e336f5b.txt', 's.82383061-e8b6-4b44-8e30-47dce81774d2.txt', 's.bf75cd3d-0fe9-42b4-8a2d-68587dfe709b.txt', 's.c1b9bafc-1ccb-426b-9de9-345e4a0accd7.txt', 's.d17a8cad-6ae4-4768-831d-fd0a23931e15.txt', 's.f71f6749-2ba6-44ac-84af-1d77f2b3f538.txt', 's.ffcc8a9d-0806-426c-a0cc-1b67f5a90e2a.txt']",87.5,पीस,pulverise,pees,X karna mana hona chahiye,3,6e-05,0.0
wo weep kar rahe hain,wo ro rahe hain,8,7.0,0.0,0.0,"[7, 7, 7, 7, 7, 7, 7, 7]","['s.0716579a-cc45-4ca1-9021-fd2959db6ada.txt', 's.42fe05db-1e3d-477e-9140-317d4e336f5b.txt', 's.82383061-e8b6-4b44-8e30-47dce81774d2.txt', 's.bf75cd3d-0fe9-42b4-8a2d-68587dfe709b.txt', 's.c1b9bafc-1ccb-426b-9de9-345e4a0accd7.txt', 's.d17a8cad-6ae4-4768-831d-fd0a23931e15.txt', 's.f71f6749-2ba6-44ac-84af-1d77f2b3f538.txt', 's.ffcc8a9d-0806-426c-a0cc-1b67f5a90e2a.txt']",100.0,रो,weep,ro,wo X kar rahe hain,0,0.0,0.0
